{"100.0": -0.8, "135.0": -0.8000000146732362, "170.0": -0.8000000301816359, "205.0": -0.8000000456948682, "240.0": -0.8000000611988666, "275.0": -0.8000000766968473, "310.0": -0.8000000921962616, "345.0": -0.8000001076955203, "380.0": -0.8000001231897422, "415.0": -0.8000001386833152, "450.0": -0.8000001541806236, "485.0": -0.8000001696811084, "520.0": -0.8000001851826977, "555.0": -0.8000002006800336, "590.0": -0.8000002161775422, "625.0": -0.8000002316785861, "660.0": -0.8000002471821422, "695.0": -0.8000002626870065, "730.0": -0.8000002781872071, "765.0": -0.8000002936861365, "800.0": -0.8000003091867818}