{"100.0": -2.5619418668351717e-39, "135.0": 2.2768424134771514e-07, "170.0": 3.451630498890933e-07, "205.0": 4.622680275745178e-07, "240.0": 5.813967063683958e-07, "275.0": 7.002733079781679e-07, "310.0": 8.187381006767186e-07, "345.0": 9.377845561116234e-07, "380.0": 1.057109784598321e-06, "415.0": 1.1757918723601878e-06, "450.0": 1.2940240030434197e-06, "485.0": 1.41225048316665e-06, "520.0": 1.530825147211783e-06, "555.0": 1.650020491582321e-06, "590.0": 1.7695646699673368e-06, "625.0": 1.8888525809229455e-06, "660.0": 2.007664543520075e-06, "695.0": 2.126547748821637e-06, "730.0": 2.2453920756704713e-06, "765.0": 2.3645517051764592e-06, "800.0": 2.4840353929812736e-06}