{"100.0": -0.8, "135.0": -0.8000000146924156, "170.0": -0.8000000301721657, "205.0": -0.8000000456501719, "240.0": -0.8000000611401561, "275.0": -0.8000000766303123, "310.0": -0.8000000921097863, "345.0": -0.8000001075948711, "380.0": -0.8000001230867964, "415.0": -0.8000001385689047, "450.0": -0.8000001540481925, "485.0": -0.8000001695326951, "520.0": -0.8000001850170944, "555.0": -0.8000002005034401, "590.0": -0.8000002159901352, "625.0": -0.8000002314761585, "660.0": -0.8000002469608413, "695.0": -0.8000002624464481, "730.0": -0.800000277933818, "765.0": -0.8000043137190085, "800.0": -0.8000083495060551}