{"100.0": -2.5619418668351717e-39, "135.0": 2.3117720356356125e-07, "170.0": 3.5986201172424873e-07, "205.0": 4.870619304132017e-07, "240.0": 6.12602524876887e-07, "275.0": 7.394827267460699e-07, "310.0": 8.675183290288011e-07, "345.0": 9.941009969090855e-07, "380.0": 1.1209207316473852e-06, "415.0": 1.2483946836277582e-06, "450.0": 1.3748925144304836e-06, "485.0": 1.5019178221361335e-06, "520.0": 1.628275973622823e-06, "555.0": 1.7534926707794227e-06, "590.0": 1.8792796883009971e-06, "625.0": 2.005303259048432e-06, "660.0": 2.131694852446598e-06, "695.0": 2.258564091504935e-06, "730.0": 2.385347168481912e-06, "765.0": 2.512744971262733e-06, "800.0": 2.6402694428844746e-06}