{"100.0": -0.25, "130.0": -0.2500112387921697, "160.0": -0.2500224679451738, "190.0": -0.25003375777407966, "220.0": -0.25004511347068437, "250.0": -0.2500563989695997, "280.0": -0.2500676358225975, "310.0": -0.25007888267911327, "340.0": -0.25009009585582687, "370.0": -0.25010136790816057, "400.0": -0.25011266973667917}