{"100.0": -1.5355961835773912e-24, "130.0": -1.1414093107460441e-05, "160.0": -2.2861184936815363e-05, "190.0": -3.431141222578141e-05, "220.0": -4.578584702696261e-05, "250.0": -5.731478962988501e-05, "280.0": -6.88719617473682e-05, "310.0": -8.035848450934054e-05, "340.0": -9.17971867308124e-05, "370.0": -0.0001032413975182313, "400.0": -0.00011469617428139113}