{"100.0": -0.8, "135.0": -0.8000000146838786, "170.0": -0.8000000301816601, "205.0": -0.8000000456788205, "240.0": -0.8000000611726585, "275.0": -0.8000000766582642, "310.0": -0.8000000921493127, "345.0": -0.800000107644295, "380.0": -0.8000001231374273, "415.0": -0.800000138629544, "450.0": -0.8000001541199793, "485.0": -0.8000001696138405, "520.0": -0.8000001851063023, "555.0": -0.8000002005971905, "590.0": -0.8000002160897353, "625.0": -0.8000002315831723, "660.0": -0.8000002470772222, "695.0": -0.8000002625684949, "730.0": -0.8000002780608904, "765.0": -0.8000002935541735, "800.0": -0.8000003090460649}