{"100.0": -2.5619418668351717e-39, "135.0": 2.2378687488992345e-07, "170.0": 3.401507415338455e-07, "205.0": 4.545969900281123e-07, "240.0": 5.679232830885965e-07, "275.0": 6.802789540975483e-07, "310.0": 7.9335767924418e-07, "345.0": 9.0763059617106e-07, "380.0": 1.0204091369172614e-06, "415.0": 1.132933443622305e-06, "450.0": 1.246294162993527e-06, "485.0": 1.3588070557248792e-06, "520.0": 1.471301491506628e-06, "555.0": 1.5838197600842312e-06, "590.0": 1.6972806328799547e-06, "625.0": 1.8116554721527287e-06, "660.0": 1.9252259038389936e-06, "695.0": 2.038646959512617e-06, "730.0": 2.1521835421011113e-06, "765.0": 2.2658977336356867e-06, "800.0": 2.3790380481564673e-06}