{"100.0": -0.4, "135.0": -0.4000000157418355, "170.0": -0.4000000314821245, "205.0": -0.4000000472464267, "240.0": -0.40000006301775937, "275.0": -0.4000000787934202, "310.0": -0.40000009455965885, "345.0": -0.4000001841841313, "380.0": -0.4000002738207558, "415.0": -0.40000552837239284, "450.0": -0.4000228367962982, "485.0": -0.40003573285868127, "520.0": -0.4000786034526341, "555.0": -0.4001214740382731, "590.0": -0.400141288165582, "625.0": -0.4002163540489823, "660.0": -0.4002925047707585, "695.0": -0.4003827702303201, "730.0": -0.4005034953385127, "765.0": -0.40063724800132466, "800.0": -0.40080755457223094}