{"100.0": -3.6955749326955367e-19, "135.0": 2.2684160091812905e-07, "170.0": 3.4749588938660434e-07, "205.0": 4.6531560828074345e-07, "240.0": 5.827393081745176e-07, "275.0": 7.013411296091365e-07, "310.0": 8.199224285452416e-07, "345.0": 9.383700523064111e-07, "380.0": 1.0575679119065946e-06, "415.0": 1.1753813195970692e-06, "450.0": 1.2935558627153303e-06, "485.0": -5.0978734151438764e-05, "520.0": -0.00011094239548816238, "555.0": -0.00012556734476579402, "590.0": -0.0001334710763378575, "625.0": -0.00014137397631174226, "660.0": -0.0001865822290925407, "695.0": -0.0002719582611255401, "730.0": -0.00032452907619332443, "765.0": -0.0003720706363040374, "800.0": -0.0004799375809943899}