{"100.0": -0.8, "135.0": -0.8000000152205805, "170.0": -0.8000000308585665, "205.0": -0.8000000464885846, "240.0": -0.8000000621078521, "275.0": -0.8000000777336796, "310.0": -0.8000000933676111, "345.0": -0.8000001090052008, "380.0": -0.8000001246392984, "415.0": -0.8000001402701593, "450.0": -0.8000001559025107, "485.0": -0.8000001715364137, "520.0": -0.8000001871680895, "555.0": -0.8000002027997144, "590.0": -0.8000002184312663, "625.0": -0.800000234066907, "660.0": -0.8000002497033999, "695.0": -0.8000002653386044, "730.0": -0.8000002809744826, "765.0": -0.8000002966077494, "800.0": -0.8000003122395759}