{"100.0": -2.5619418668351717e-39, "135.0": 2.2351798583621748e-07, "170.0": 3.4124585604087433e-07, "205.0": 4.5833136416697923e-07, "240.0": 5.753475129987771e-07, "275.0": 6.930821919441243e-07, "310.0": 8.100283433484821e-07, "345.0": 9.26107598682335e-07, "380.0": 1.0421220419566288e-06, "415.0": 1.1586768702811884e-06, "450.0": 1.276752161942852e-06, "485.0": 1.3949734144662028e-06, "520.0": 1.5125711514489709e-06, "555.0": 1.6299090305957712e-06, "590.0": 1.7474741081781663e-06, "625.0": 1.8647715850172084e-06, "660.0": 1.9820595885477576e-06, "695.0": 2.100222376363008e-06, "730.0": 2.2184661027202208e-06, "765.0": 2.3365673681600376e-06, "800.0": 2.453700404043354e-06}