{"100.0": -2.5619418668351717e-39, "135.0": 2.2195284064324492e-07, "170.0": 3.371145369968113e-07, "205.0": 4.507805779631927e-07, "240.0": 5.638963509182307e-07, "275.0": 6.80330891160448e-07, "310.0": 7.976363635879062e-07, "345.0": 9.11866831658986e-07, "380.0": 1.0268079162525426e-06, "415.0": 1.1419846071634746e-06, "450.0": 1.2563909970041568e-06, "485.0": 1.3717974438740561e-06, "520.0": 1.486613882842878e-06, "555.0": 1.6013822461521722e-06, "590.0": 1.7167511817042912e-06, "625.0": 1.831938257753285e-06, "660.0": 1.9466764859207787e-06, "695.0": 2.06187475799118e-06, "730.0": 2.176888834035327e-06, "765.0": 2.2914839397909304e-06, "800.0": 2.4064885391214452e-06}