{"100.0": -3.896817948055367e-14, "135.0": 1.883135112965607e-06, "170.0": 3.70634532701953e-06, "205.0": 5.529672260904406e-06, "240.0": 7.353264165852212e-06, "275.0": 9.177517485924682e-06, "310.0": 1.1001499876831207e-05, "345.0": 1.282545947309734e-05, "380.0": -8.907055810772576e-06, "415.0": -3.721445873832192e-05, "450.0": -5.586094276432466e-05, "485.0": -0.00012943823974500575, "520.0": -0.0002393506386460917, "555.0": -0.00035117263720626265, "590.0": -0.00044838900001142846, "625.0": -0.000509542524195064, "660.0": -0.0007266525391565627, "695.0": -0.00102281559471701, "730.0": -0.0012802356966542224, "765.0": -0.0015844965238454305, "800.0": -0.002027772916537491}