{
  "c0": -1.6185203623995803,
  "c1_0": -0.04797347401134449,
  "c2_d0000_0_00": 0.011423760874191918,
  "c2_d0001_0_00": 0.012822897565099106,
  "c2_d0002_0_00": -0.0034225612735272713,
  "c2_d0003_0_00": 0.0007729208236928453,
  "c2_d0004_0_00": -0.0007232418033437184,
  "c2_d0005_0_00": 0.0007731687011932094,
  "c3_d0000_0_000": 0.001759512608701286,
  "c3_d0001_0_000": 0.0010496324245320423,
  "c3_d0002_0_000": -0.003745490554295197,
  "c3_d0003_0_000": -0.0003187927641678222,
  "c4_d0000_0_0000": 0.0003016037359435413,
  "c4_d0001_0_0000": -0.00045514193167559106,
  "c4_d0002_0_0000": -0.00027105753684827027,
  "c4_d0003_0_0000": -0.0001535212821953649,
  "c4_d0004_0_0000": 0.00029998644801982764,
  "c4_d0005_0_0000": -0.0007955380243118416,
  "c4_d0005_1_0000": -0.00014512811329196246,
  "c4_d0006_0_0000": 4.059936347626061e-05
}