{
  "c0": -1.3634683966768146,
  "c1_0": -0.2662536286162162,
  "c2_d0000_0_00": -0.012237120726827332,
  "c2_d0001_0_00": -0.011469275538539185,
  "c2_d0002_0_00": -0.00945473238551178,
  "c3_d0000_0_000": -0.005408238008598107,
  "c3_d0001_0_000": 0.000767117163265861,
  "c3_d0002_0_000": -0.000562193820324679,
  "c4_d0000_0_0000": -0.002332493398829421,
  "c4_d0001_0_0000": 0.004720778803581775,
  "c4_d0001_1_0000": -0.0016025731883868614,
  "c4_d0002_0_0000": -0.008573601803588664
}