{
  "c0": -0.020466046675160728,
  "c1_0": -0.000567344010661537,
  "c2_d0000_0_00": 0.005235492264047947,
  "c2_d0001_0_00": 0.006085378628422979,
  "c2_d0002_0_00": 0.0008160303655473833,
  "c2_d0003_0_00": 0.000737616963288675,
  "c2_d0004_0_00": 0.003550008946804041,
  "c2_d0005_0_00": 0.004357617148566427,
  "c2_d0006_0_00": 0.0016686879125335067,
  "c2_d0007_0_00": -0.0008329551096500835,
  "c3_d0000_0_000": 0.003488084832782054,
  "c3_d0001_0_000": -0.0005349513928850841,
  "c3_d0002_0_000": -0.0008899855059382681,
  "c3_d0003_0_000": -7.957280569835699e-05,
  "c3_d0004_0_000": -0.0011224644863572044,
  "c3_d0005_0_000": -0.00023348146884967285,
  "c3_d0006_0_000": 0.002106156580521812,
  "c3_d0007_0_000": 0.0027176270312977697,
  "c3_d0008_0_000": -0.0004809078373147313,
  "c3_d0009_0_000": 0.0011731024788202535,
  "c3_d0010_0_000": 0.0025936724543771964,
  "c3_d0010_1_000": 0.0007580889291129201,
  "c3_d0011_0_000": -0.002067779426975782,
  "c3_d0012_0_000": 0.0010159798011099483,
  "c3_d0012_1_000": -0.005883542033816566,
  "c3_d0013_0_000": 3.1977282752600985e-05,
  "c3_d0013_1_000": -0.0014815990354412948,
  "c3_d0014_0_000": 0.0008169500690532743,
  "c4_d0000_0_0000": 0.0026817150630338896,
  "c4_d0001_0_0000": -0.0011392823001568975,
  "c4_d0002_0_0000": 0.004588605762863873,
  "c4_d0003_0_0000": 0.000641130629665711,
  "c4_d0004_0_0000": -0.0006104508322307549,
  "c4_d0005_0_0000": -0.003388051312987974,
  "c4_d0005_1_0000": -0.0027262519239747616,
  "c4_d0006_0_0000": -0.0019346910434756416,
  "c4_d0007_0_0000": -0.0021923017660665047,
  "c4_d0008_0_0000": -0.00148411750127175,
  "c4_d0009_0_0000": -0.0035676841365333673,
  "c4_d0010_0_0000": 0.002945175755275882,
  "c4_d0011_0_0000": -0.0008748901536090758,
  "c4_d0012_0_0000": -0.0015957150826495104,
  "c4_d0013_0_0000": -0.001662619252038856,
  "c4_d0013_1_0000": 0.0022629341601316587,
  "c4_d0014_0_0000": 0.003259547545358661,
  "c4_d0014_1_0000": -0.0013195153987701465,
  "c4_d0014_2_0000": 0.00032731755002259673,
  "c4_d0015_0_0000": 0.004362130456401737,
  "c4_d0015_1_0000": -0.0009567717434540357,
  "c4_d0015_2_0000": 0.0002453153713320208,
  "c4_d0016_0_0000": -0.0020043897709278945,
  "c4_d0016_1_0000": -0.0005632883269096583,
  "c4_d0016_2_0000": 0.0007843726363555635,
  "c4_d0017_0_0000": -0.0015898274066497116,
  "c4_d0017_1_0000": 8.708079832541596e-05,
  "c4_d0017_2_0000": -0.0019649612704209286,
  "c4_d0017_3_0000": 0.0006837442127862795,
  "c4_d0018_0_0000": -0.0007275002784333697,
  "c4_d0019_0_0000": 0.001446641334763417,
  "c4_d0020_0_0000": -0.0005726325494172855,
  "c4_d0020_1_0000": -0.0020386586732691683,
  "c4_d0021_0_0000": 0.0023304504921565477,
  "c4_d0022_0_0000": 0.0017032998305800142,
  "c4_d0022_1_0000": -0.0021985993629723855,
  "c4_d0022_2_0000": 0.0018623452432903604,
  "c4_d0023_0_0000": 0.00016775277417243006,
  "c4_d0024_0_0000": 0.0012972806836657694,
  "c4_d0024_1_0000": -0.0006879513862945237,
  "c4_d0024_2_0000": 0.0030841580413701816,
  "c4_d0025_0_0000": -0.0010001361403760795,
  "c4_d0025_1_0000": 0.00020559978701360288,
  "c4_d0025_2_0000": 0.0007171342033935622,
  "c4_d0026_0_0000": 0.003411435998960638,
  "c4_d0027_0_0000": 0.0012002332167918332,
  "c4_d0027_1_0000": 0.0011744304980766701,
  "c4_d0027_2_0000": -0.00495649285228539,
  "c4_d0028_0_0000": 0.00012821539085205514
}