{
  "c0": -0.02019250178307472,
  "c1_0": -0.0015593137799828542,
  "c2_d0000_0_00": 0.005113907377093766,
  "c2_d0001_0_00": 0.00872388909148996,
  "c2_d0002_0_00": 0.0019454312833858838,
  "c2_d0003_0_00": -0.0020187049069917426,
  "c2_d0004_0_00": 0.0030183626995601244,
  "c2_d0005_0_00": 0.002932657228788718,
  "c3_d0000_0_000": 0.0008420000368193095,
  "c3_d0001_0_000": -0.0007400228828623616,
  "c3_d0002_0_000": 0.0017406662585835058,
  "c3_d0003_0_000": -9.338926746756952e-05,
  "c4_d0000_0_0000": -0.001515062286205669,
  "c4_d0001_0_0000": -0.004914855858333763,
  "c4_d0002_0_0000": 0.005452098832445416,
  "c4_d0003_0_0000": 0.0008707573950970382,
  "c4_d0004_0_0000": 0.0021315247616908476,
  "c4_d0005_0_0000": -0.0012698197498976055,
  "c4_d0005_1_0000": -0.001090281822829884,
  "c4_d0006_0_0000": 0.0014872091372468957
}