{
  "c0": -0.039984810345228494,
  "c1_0": 0.00254662009929318,
  "c2_d0000_0_00": 0.03826746415767917,
  "c2_d0001_0_00": 0.010855118426709331,
  "c2_d0002_0_00": 0.009839901223424838,
  "c2_d0003_0_00": -0.0194064270672623,
  "c2_d0004_0_00": 0.004273429140525895,
  "c3_d0000_0_000": -0.005147863337290961,
  "c3_d0001_0_000": 0.0012565347980915476,
  "c3_d0002_0_000": -0.008708210498939094,
  "c3_d0003_0_000": -0.003948560382600612,
  "c3_d0004_0_000": 0.017301305584470763,
  "c3_d0004_1_000": -0.0031569960192399716,
  "c4_d0000_0_0000": -0.0026911363683402192,
  "c4_d0001_0_0000": -0.0035334795275181524,
  "c4_d0001_1_0000": 0.0005334545006360084,
  "c4_d0002_0_0000": 0.004545960029065108,
  "c4_d0003_0_0000": -0.001997017843808588,
  "c4_d0004_0_0000": -0.004504568646061582,
  "c4_d0004_1_0000": 0.002314112492749957,
  "c4_d0004_2_0000": 0.0009464589585264515,
  "c4_d0005_0_0000": -0.002160796567719068,
  "c4_d0005_1_0000": 0.0004830156559165944,
  "c4_d0006_0_0000": -0.0025453378860208972,
  "c4_d0006_1_0000": 0.004654279076464847
}