{
  "c0": -1.6223140696313243,
  "c1_0": -0.06364609987000261,
  "c2_d0000_0_00": 0.03124637899318398,
  "c2_d0001_0_00": 0.008942137667149469,
  "c2_d0002_0_00": 0.0002945520463040861,
  "c3_d0000_0_000": 0.005718770158441823,
  "c3_d0001_0_000": -0.0038403385762197082,
  "c3_d0002_0_000": -0.0023479878092052928,
  "c4_d0000_0_0000": -0.0011227375547619705,
  "c4_d0001_0_0000": 0.0019222189245142562,
  "c4_d0001_1_0000": -6.285853951220299e-07,
  "c4_d0002_0_0000": -0.002761313478534731
}