{
  "c0": -1.6190378401651249,
  "c1_0": -0.04937535714470196,
  "c2_d0000_0_00": 0.021453766702787595,
  "c2_d0001_0_00": 0.00851096096216895,
  "c2_d0002_0_00": -0.00043314182100620996,
  "c2_d0003_0_00": 0.0008555831413343868,
  "c2_d0004_0_00": -0.0027507032668607177,
  "c2_d0005_0_00": 0.0019702798234051437,
  "c2_d0006_0_00": -0.0028247538023562675,
  "c2_d0007_0_00": -0.0032130491409012394,
  "c3_d0000_0_000": 0.012113552939628047,
  "c3_d0001_0_000": 0.0023976314280219338,
  "c3_d0002_0_000": -0.008899361293679492,
  "c3_d0003_0_000": 0.0010381622279002373,
  "c3_d0004_0_000": -0.008205208336619162,
  "c3_d0005_0_000": -0.007400597194003258,
  "c3_d0006_0_000": 0.005954229558137837,
  "c3_d0007_0_000": -0.005393879883849832,
  "c3_d0008_0_000": 0.0009394969896564317,
  "c3_d0009_0_000": -0.00033105201252473014,
  "c3_d0010_0_000": 0.0008364886172714291,
  "c3_d0010_1_000": 0.005006279837339773,
  "c3_d0011_0_000": -0.008300415977870509,
  "c3_d0012_0_000": 0.00017195566346020372,
  "c3_d0012_1_000": -0.007852420530122708,
  "c3_d0013_0_000": 0.013577472504508154,
  "c3_d0013_1_000": -0.007848576423895231,
  "c3_d0014_0_000": 0.013247246576351008,
  "c4_d0000_0_0000": 0.001646025929957917,
  "c4_d0001_0_0000": -0.007819735076424559,
  "c4_d0002_0_0000": 0.005850006967089925,
  "c4_d0003_0_0000": 0.009815021279748306,
  "c4_d0004_0_0000": -0.0004923161737428655,
  "c4_d0005_0_0000": -0.0016883862991494258,
  "c4_d0005_1_0000": 0.0014574521950773004,
  "c4_d0006_0_0000": 0.00152944953740319,
  "c4_d0007_0_0000": -0.0008978945095920453,
  "c4_d0008_0_0000": -0.004635946985691819,
  "c4_d0009_0_0000": -0.00994870228459347,
  "c4_d0010_0_0000": 0.012519415275197388,
  "c4_d0011_0_0000": -0.010459756529903101,
  "c4_d0012_0_0000": -0.004732550253048105,
  "c4_d0013_0_0000": 0.0029058746099075118,
  "c4_d0013_1_0000": 0.0009869370604986248,
  "c4_d0014_0_0000": -0.0018174430757041582,
  "c4_d0014_1_0000": -0.0009594626195127423,
  "c4_d0014_2_0000": 0.011073685790801237,
  "c4_d0015_0_0000": 0.011845299499345074,
  "c4_d0015_1_0000": -0.0026443638985757557,
  "c4_d0015_2_0000": -0.0016577249747129013,
  "c4_d0016_0_0000": 0.003962387009684212,
  "c4_d0016_1_0000": -0.0025604300329380067,
  "c4_d0016_2_0000": 0.0019763127259278565,
  "c4_d0017_0_0000": 0.00031344695226203306,
  "c4_d0017_1_0000": 0.0013490717797538688,
  "c4_d0017_2_0000": 0.003146867706673163,
  "c4_d0017_3_0000": -0.012206939028195647,
  "c4_d0018_0_0000": 0.0020756363255427387,
  "c4_d0019_0_0000": 0.007604018128165525,
  "c4_d0020_0_0000": 0.0023983460197614646,
  "c4_d0020_1_0000": -0.0080535049345884,
  "c4_d0021_0_0000": -0.0018710052969106966,
  "c4_d0022_0_0000": 0.003681950045283166,
  "c4_d0022_1_0000": -0.0033443578419979146,
  "c4_d0022_2_0000": 0.010658399035633872,
  "c4_d0023_0_0000": -0.0029552597232111147,
  "c4_d0024_0_0000": -0.009283615955902819,
  "c4_d0024_1_0000": 9.282535273149094e-05,
  "c4_d0024_2_0000": 0.00685753938317277,
  "c4_d0025_0_0000": -0.013379673534527957,
  "c4_d0025_1_0000": -0.00602536891108045,
  "c4_d0025_2_0000": 0.002092184119859694,
  "c4_d0026_0_0000": 0.012392567397593188,
  "c4_d0027_0_0000": -0.002659797585120237,
  "c4_d0027_1_0000": 0.0004141190323977395,
  "c4_d0027_2_0000": -0.005834957883749018,
  "c4_d0028_0_0000": -0.005403194439980285
}