{
  "c0": -0.020062935037481563,
  "c1_0": 0.0021893858410937817,
  "c2_d0000_0_00": 0.007031476143663971,
  "c2_d0001_0_00": 0.011064269026566686,
  "c2_d0002_0_00": -0.0009897317065501062,
  "c2_d0003_0_00": -0.0014918201883188135,
  "c2_d0004_0_00": 0.0035934649882930713,
  "c2_d0005_0_00": -0.0005936751525473696,
  "c2_d0006_0_00": 0.0018684249103873597,
  "c2_d0007_0_00": 0.0016473148848553225,
  "c3_d0000_0_000": 0.003495883225930396,
  "c3_d0001_0_000": 0.0008667428207407957,
  "c3_d0002_0_000": -0.001963249969552256,
  "c3_d0003_0_000": -0.002294475891723937,
  "c3_d0004_0_000": -0.0001575943695581983,
  "c3_d0005_0_000": -0.0026064186216266626,
  "c3_d0006_0_000": 0.0025514438116109456,
  "c3_d0007_0_000": 0.006363445418563646,
  "c3_d0008_0_000": -0.0022590797746779327,
  "c3_d0009_0_000": 0.0008534856027669807,
  "c3_d0010_0_000": 0.005067918569464106,
  "c3_d0010_1_000": -6.617310012968326e-05,
  "c3_d0011_0_000": -0.002396823172915432,
  "c3_d0012_0_000": 0.001043613985377203,
  "c3_d0012_1_000": -0.0047539549445391426,
  "c3_d0013_0_000": -0.0010136549529903322,
  "c3_d0013_1_000": -0.0036368527080095784,
  "c3_d0014_0_000": -0.0006469415080058644,
  "c4_d0000_0_0000": 0.0029281168533040708,
  "c4_d0001_0_0000": -0.0037896508094559366,
  "c4_d0002_0_0000": 0.004421548143232093,
  "c4_d0003_0_0000": 0.001113403089212267,
  "c4_d0004_0_0000": -0.001924169686247002,
  "c4_d0005_0_0000": 0.0026307617586283586,
  "c4_d0005_1_0000": -0.0027918323087427737,
  "c4_d0006_0_0000": -0.0025571938725067666,
  "c4_d0007_0_0000": 0.0021891633634900792,
  "c4_d0008_0_0000": -0.0006593412256987967,
  "c4_d0009_0_0000": -0.0014230064398648363,
  "c4_d0010_0_0000": -0.0012556638079421277,
  "c4_d0011_0_0000": 0.0005742249016659378,
  "c4_d0012_0_0000": -0.00032192104438000095,
  "c4_d0013_0_0000": -0.0006768841647727268,
  "c4_d0013_1_0000": 0.0027361443397722596,
  "c4_d0014_0_0000": 0.000589425713943196,
  "c4_d0014_1_0000": -0.0019441363466111776,
  "c4_d0014_2_0000": -0.0009319834473147025,
  "c4_d0015_0_0000": 0.003979036313959221,
  "c4_d0015_1_0000": 0.0011807594318168097,
  "c4_d0015_2_0000": 0.004310695059774328,
  "c4_d0016_0_0000": 0.0025359542175603243,
  "c4_d0016_1_0000": -0.0010890001541280596,
  "c4_d0016_2_0000": 0.0013764573098608147,
  "c4_d0017_0_0000": -0.0027142633149670552,
  "c4_d0017_1_0000": 0.0031948916652941397,
  "c4_d0017_2_0000": -0.0016891935798106048,
  "c4_d0017_3_0000": 0.002909667321816444,
  "c4_d0018_0_0000": 0.001238176389447615,
  "c4_d0019_0_0000": 0.004256483811712829,
  "c4_d0020_0_0000": -0.0014621938337267954,
  "c4_d0020_1_0000": -0.002672707310985671,
  "c4_d0021_0_0000": 0.0006254084462849741,
  "c4_d0022_0_0000": -0.0023802408765031067,
  "c4_d0022_1_0000": 0.001026452803916567,
  "c4_d0022_2_0000": -0.0006193331591523653,
  "c4_d0023_0_0000": -0.0021431197279034343,
  "c4_d0024_0_0000": 0.00021258600961558335,
  "c4_d0024_1_0000": -0.001858502527824092,
  "c4_d0024_2_0000": 0.0031762423749570542,
  "c4_d0025_0_0000": 0.003476429291896421,
  "c4_d0025_1_0000": -0.002173754625516067,
  "c4_d0025_2_0000": -0.004207373806594202,
  "c4_d0026_0_0000": 0.0003780202832174245,
  "c4_d0027_0_0000": -0.0016248403684186175,
  "c4_d0027_1_0000": -0.0039108872783920725,
  "c4_d0027_2_0000": -0.005526872600540041,
  "c4_d0028_0_0000": -3.65114203084041e-05
}