{
  "c0": -1.624575312682522,
  "c1_0": -0.06250662442450527,
  "c2_d0000_0_00": 0.04129385936456786,
  "c2_d0001_0_00": 0.00660446070916571,
  "c2_d0002_0_00": 0.006002527684045371,
  "c2_d0003_0_00": -0.0121832494764182,
  "c2_d0004_0_00": 0.00315653133443549,
  "c3_d0000_0_000": -0.001464777698806577,
  "c3_d0001_0_000": -0.00269731140785777,
  "c3_d0002_0_000": -0.0019340587882540408,
  "c3_d0003_0_000": -0.002469584610631819,
  "c3_d0004_0_000": 0.009156682595779448,
  "c3_d0004_1_000": -0.0013785355014923877,
  "c4_d0000_0_0000": -0.0006509081864074847,
  "c4_d0001_0_0000": -0.004830423282388879,
  "c4_d0001_1_0000": -0.0002752603326722941,
  "c4_d0002_0_0000": -0.0006164992293509579,
  "c4_d0003_0_0000": -0.0033160080117187,
  "c4_d0004_0_0000": -0.0032167548100325944,
  "c4_d0004_1_0000": 0.0017581346343600935,
  "c4_d0004_2_0000": 0.00042851498232095246,
  "c4_d0005_0_0000": 0.000630310270012592,
  "c4_d0005_1_0000": -0.0008257687090532147,
  "c4_d0006_0_0000": 0.0018966686451086863,
  "c4_d0006_1_0000": 0.0037149588956538982
}