{
  "c0": 0.04217533828704439,
  "c1_0": 0.002784910683844216,
  "c2_d0000_0_00": 0.0007464763829981519,
  "c2_d0001_0_00": -0.006420902250689878,
  "c2_d0002_0_00": -0.012165565323331953,
  "c2_d0003_0_00": -0.024636872429455944,
  "c2_d0004_0_00": -0.002721820011824164,
  "c3_d0000_0_000": 0.0026924602964341748,
  "c3_d0001_0_000": -0.00022449631777768928,
  "c3_d0002_0_000": -0.002234065881363046,
  "c3_d0003_0_000": 0.0011169210857571931,
  "c3_d0004_0_000": -0.0051745795621217965,
  "c3_d0004_1_000": 0.0019378251161658343,
  "c4_d0000_0_0000": 0.0015217692385588923,
  "c4_d0001_0_0000": -0.0009265903454331632,
  "c4_d0001_1_0000": -0.002595710087319731,
  "c4_d0002_0_0000": -0.005109916361680765,
  "c4_d0003_0_0000": 0.003127998964958591,
  "c4_d0004_0_0000": -0.0008646867520445103,
  "c4_d0004_1_0000": 0.005115438295431293,
  "c4_d0004_2_0000": 0.004303795133120777,
  "c4_d0005_0_0000": 0.0032443662958499763,
  "c4_d0005_1_0000": -0.002761321335144066
}