{
  "c0": -1.3631432321375376,
  "c1_0": -0.26823935061300147,
  "c2_d0000_0_00": -0.004484338141189957,
  "c2_d0001_0_00": -0.00957723905648327,
  "c2_d0002_0_00": -0.009494777367489932,
  "c2_d0003_0_00": -0.014954675927681996,
  "c2_d0004_0_00": -0.00015446938549408494,
  "c3_d0000_0_000": 0.0007535733786564994,
  "c3_d0001_0_000": -0.0018720649969295772,
  "c3_d0002_0_000": -0.0031736277470970934,
  "c3_d0003_0_000": 0.0001744909256109403,
  "c3_d0004_0_000": 0.0003045711715361363,
  "c3_d0004_1_000": 0.0005112656002078383,
  "c4_d0000_0_0000": -0.0008727343367430264,
  "c4_d0001_0_0000": 0.002265503334041032,
  "c4_d0001_1_0000": -0.0017664715597399835,
  "c4_d0002_0_0000": -0.0018320826740184167,
  "c4_d0003_0_0000": -0.0013974078582525051,
  "c4_d0004_0_0000": 0.0015391480153471705,
  "c4_d0004_1_0000": -0.000210951067115002,
  "c4_d0004_2_0000": 0.0009881480572632123,
  "c4_d0005_0_0000": -0.0011031910666037923,
  "c4_d0005_1_0000": -0.0003611279053684702
}