{"100.0": -0.8, "135.0": -0.8000000147068793, "170.0": -0.8000000302268406, "205.0": -0.8000000457306635, "240.0": -0.8000000612248473, "275.0": -0.8000000767196058, "310.0": -0.8000000922226034, "345.0": -0.8000001077311195, "380.0": -0.8000001232294383, "415.0": -0.8000001387264771, "450.0": -0.8000001542232833, "485.0": -0.8000001697215079, "520.0": -0.8000001852223104, "555.0": -0.8000002007207487, "590.0": -0.8000002162204717, "625.0": -0.8000002317227247, "660.0": -0.800000247222927, "695.0": -0.8000002627229863, "730.0": -0.8000002782244163, "765.0": -0.8000002937276857, "800.0": -0.8000003092283834}