{"100.0": -2.5619418668351717e-39, "135.0": 2.2369059163694796e-07, "170.0": 3.4141090729972387e-07, "205.0": 4.6305237651682996e-07, "240.0": 5.835916102730921e-07, "275.0": 7.019299526048133e-07, "310.0": 8.229497252080664e-07, "345.0": 9.445799596807399e-07, "380.0": 1.0645308048937916e-06, "415.0": 1.1843530314716684e-06, "450.0": 1.3044940510331119e-06, "485.0": 1.424067562320444e-06, "520.0": 1.5429107293579234e-06, "555.0": 1.6622180990717048e-06, "590.0": 1.7807188606926849e-06, "625.0": 1.89933625184401e-06, "660.0": 2.019438835203154e-06, "695.0": 2.1393507607120323e-06, "730.0": 2.2586757279165174e-06, "765.0": 2.3784248177598687e-06, "800.0": 2.498172574050144e-06}