{
  "c0": -950.5854193207336,
  "c1_0": 753.9834187387909,
  "c2_d0000_0_00": 0.0012626701274500974,
  "c2_d0001_0_00": 0.0018962976012214772,
  "c2_d0002_0_00": 0.0017598756429435074,
  "c2_d0003_0_00": 0.0012740087010867658,
  "c2_d0004_0_00": 0.0015764812308441374,
  "c3_d0000_0_000": 0.0006103236471592824,
  "c3_d0001_0_000": 0.0007212659195340132,
  "c3_d0002_0_000": 0.0010913362610988702,
  "c3_d0003_0_000": 0.0008123384470506503,
  "c3_d0004_0_000": 0.0007051547477396992,
  "c3_d0004_1_000": 0.0003692431331782248,
  "c4_d0000_0_0000": 0.00030248828141120603,
  "c4_d0001_0_0000": -0.00033820001386766226,
  "c4_d0001_1_0000": -8.759800170176079e-05,
  "c4_d0002_0_0000": 0.0011636569091452345,
  "c4_d0003_0_0000": 2.7309227066113442e-05,
  "c4_d0004_0_0000": 2.3832604373065586e-05,
  "c4_d0004_1_0000": 0.0009701491395834035,
  "c4_d0004_2_0000": 0.00048591382926166534,
  "c4_d0005_0_0000": 0.0004792278790161338,
  "c4_d0005_1_0000": 0.0007915146625982094,
  "c4_d0006_0_0000": 0.00042767824634614397,
  "c4_d0006_1_0000": -0.0001133635352819625
}