{
  "c0": -1.6255796680414636,
  "c1_0": -0.06214616367293099,
  "c2_d0000_0_00": 0.03304049578692445,
  "c2_d0001_0_00": 0.0055901108807034465,
  "c2_d0002_0_00": 0.008483483100857316,
  "c2_d0003_0_00": -0.004402756655473202,
  "c2_d0004_0_00": 0.004801861904561648,
  "c3_d0000_0_000": 0.0023079618052473322,
  "c3_d0001_0_000": -0.003986042096089907,
  "c3_d0002_0_000": -0.003871802719202539,
  "c3_d0003_0_000": -0.0006696641973305221,
  "c3_d0004_0_000": 0.008065895274299462,
  "c3_d0004_1_000": -0.003992972901659699,
  "c4_d0000_0_0000": -0.003659284163578391,
  "c4_d0001_0_0000": -0.0022752671719407603,
  "c4_d0001_1_0000": -0.0029682804936247836,
  "c4_d0002_0_0000": 0.0009715686149560307,
  "c4_d0003_0_0000": -0.0015525402094484267,
  "c4_d0004_0_0000": 0.003583011714240365,
  "c4_d0004_1_0000": 0.0005185645918346221,
  "c4_d0004_2_0000": -0.009174255230855273,
  "c4_d0005_0_0000": 0.002987002759746576,
  "c4_d0005_1_0000": 0.001429198739980118,
  "c4_d0006_0_0000": 0.004147079056702173,
  "c4_d0006_1_0000": -0.000399584131916737
}