{
  "c0": -1.61903903686231,
  "c1_0": -0.05019707829935728,
  "c2_d0000_0_00": 0.003222477347707418,
  "c2_d0001_0_00": 0.005663291537385516,
  "c2_d0002_0_00": 0.0021253921463293755,
  "c2_d0003_0_00": -0.0018933469031322885,
  "c2_d0004_0_00": 0.0033323415020302893,
  "c2_d0005_0_00": 0.003253636858248813,
  "c2_d0006_0_00": 0.0026685222369083584,
  "c2_d0007_0_00": 0.003924501474193815,
  "c3_d0000_0_000": 0.0002364428039243895,
  "c3_d0001_0_000": -0.00027446451156177046,
  "c3_d0002_0_000": -0.0002820590441522974,
  "c3_d0003_0_000": -0.001165797839979459,
  "c3_d0004_0_000": 0.0009099238614306931,
  "c3_d0005_0_000": 0.001188844125293427,
  "c3_d0006_0_000": 7.543041241226105e-05,
  "c3_d0007_0_000": -0.0015146145939027686,
  "c3_d0008_0_000": -0.0005296506257939658,
  "c3_d0009_0_000": -0.0007350139463122035,
  "c3_d0010_0_000": 0.0009324121883143761,
  "c3_d0010_1_000": -0.0009777540619657515,
  "c3_d0011_0_000": -0.0010073790115246906,
  "c3_d0012_0_000": 0.0017201443684745899,
  "c3_d0012_1_000": 0.0002989592153769795,
  "c3_d0013_0_000": 0.001249045090983636,
  "c3_d0013_1_000": 0.0007843205765580819,
  "c3_d0014_0_000": 0.00034671284160555255,
  "c4_d0000_0_0000": 6.19547656133052e-05,
  "c4_d0001_0_0000": -0.004818908325752756,
  "c4_d0002_0_0000": 0.0030438459746089204,
  "c4_d0003_0_0000": -0.0015157841597920989,
  "c4_d0004_0_0000": -0.0005024888846861652,
  "c4_d0005_0_0000": 0.00024235786199074095,
  "c4_d0005_1_0000": -0.0005765821398723289,
  "c4_d0006_0_0000": 0.0008803784330282825,
  "c4_d0007_0_0000": -7.641370862888824e-05,
  "c4_d0008_0_0000": -0.0037128231122644634,
  "c4_d0009_0_0000": 0.0019474919138875197,
  "c4_d0010_0_0000": -0.0006378174796374496,
  "c4_d0011_0_0000": 0.0003296334357658611,
  "c4_d0012_0_0000": -0.0038084385829214537,
  "c4_d0013_0_0000": -0.0008661443471715023,
  "c4_d0013_1_0000": 0.00138709928409355,
  "c4_d0014_0_0000": -5.38943071651009e-05,
  "c4_d0014_1_0000": 0.000340784156013824,
  "c4_d0014_2_0000": -0.0002546578467604442,
  "c4_d0015_0_0000": 0.0005269667293692327,
  "c4_d0015_1_0000": 0.0009178654641652569,
  "c4_d0015_2_0000": 0.0009024342921147982,
  "c4_d0016_0_0000": 0.000999086329202559,
  "c4_d0016_1_0000": -0.00021879183267726636,
  "c4_d0016_2_0000": 0.0035106667414495744,
  "c4_d0017_0_0000": 6.49035198081412e-05,
  "c4_d0017_1_0000": -0.0002636894900481659,
  "c4_d0017_2_0000": -0.0004962774766078399,
  "c4_d0017_3_0000": 0.000262761758568495,
  "c4_d0018_0_0000": 0.003862295968408599,
  "c4_d0019_0_0000": 0.002095327574711841,
  "c4_d0020_0_0000": 0.0001023151584704317,
  "c4_d0020_1_0000": 0.0009365933827502444,
  "c4_d0021_0_0000": -0.0034452295841182925,
  "c4_d0022_0_0000": 0.0010454724066578053,
  "c4_d0022_1_0000": -0.0025119987036846987,
  "c4_d0022_2_0000": -0.0003106959132278,
  "c4_d0023_0_0000": 0.0006534149524410381,
  "c4_d0024_0_0000": -0.0004512724017661715,
  "c4_d0024_1_0000": 0.00048698409319788017,
  "c4_d0024_2_0000": 0.0007342974582768174,
  "c4_d0025_0_0000": -0.0035932400955778505,
  "c4_d0025_1_0000": -0.0007885060453859844,
  "c4_d0025_2_0000": 0.002258418586756971,
  "c4_d0026_0_0000": -0.0004291940552448907,
  "c4_d0027_0_0000": -0.0009470080699586714,
  "c4_d0027_1_0000": -0.001299848093519533,
  "c4_d0027_2_0000": -0.0006353409753005098,
  "c4_d0028_0_0000": 0.0029815083524951506
}