{
  "c0": -951.0442654997544,
  "c1_0": 754.1234577735455,
  "c2_d0000_0_00": 0.0051753784338949725,
  "c2_d0001_0_00": 0.004178171305587042,
  "c2_d0002_0_00": 0.0021996486097282855,
  "c2_d0003_0_00": 0.00225196052232588,
  "c2_d0004_0_00": 0.0014207067612300014,
  "c2_d0005_0_00": 0.001972370572925803,
  "c2_d0006_0_00": 0.003432636870583743,
  "c2_d0007_0_00": 0.0020104363112240908,
  "c3_d0000_0_000": 1.1740124927440215e-05,
  "c3_d0001_0_000": -0.0005522786673928344,
  "c3_d0002_0_000": -0.0005331483847135441,
  "c3_d0003_0_000": -0.001002847722864022,
  "c3_d0004_0_000": -6.2790761184538205e-06,
  "c3_d0005_0_000": -0.0007448893573950104,
  "c3_d0006_0_000": 0.0004940877907531811,
  "c3_d0007_0_000": -0.0017605053962055533,
  "c3_d0008_0_000": -3.3171641911621966e-05,
  "c3_d0009_0_000": -9.965689084095386e-05,
  "c3_d0010_0_000": -0.0013174285647512241,
  "c3_d0010_1_000": -0.0009620875946585081,
  "c3_d0011_0_000": -0.0006848197167363532,
  "c3_d0012_0_000": -0.0006326070513196625,
  "c3_d0012_1_000": -0.0010365664530642585,
  "c3_d0013_0_000": -0.0011931057538876364,
  "c3_d0013_1_000": -0.0015594210152384117,
  "c3_d0014_0_000": -0.0002733694814990786,
  "c4_d0000_0_0000": -0.0019029430541892844,
  "c4_d0001_0_0000": 0.0017570799536000712,
  "c4_d0002_0_0000": 3.3019229098583397e-05,
  "c4_d0003_0_0000": 0.0007212068772657401,
  "c4_d0004_0_0000": -0.001477125035522079,
  "c4_d0005_0_0000": 0.0012514260148912759,
  "c4_d0005_1_0000": 7.632872802148399e-05,
  "c4_d0006_0_0000": 0.00037939109946049667,
  "c4_d0007_0_0000": -0.0008996720111271569,
  "c4_d0008_0_0000": -0.002499228600919475,
  "c4_d0009_0_0000": -0.0006919596929668004,
  "c4_d0010_0_0000": 0.0009327271100477309,
  "c4_d0011_0_0000": 0.001093010332575329,
  "c4_d0012_0_0000": -0.0010225075703119426,
  "c4_d0013_0_0000": -0.0016470368456036842,
  "c4_d0013_1_0000": -0.0016463857831123868,
  "c4_d0014_0_0000": -0.0008086566327020241,
  "c4_d0014_1_0000": -0.00016882611816217884,
  "c4_d0014_2_0000": 0.00046703268705874733,
  "c4_d0015_0_0000": 8.304644452185742e-05,
  "c4_d0015_1_0000": 0.00043586674517079137,
  "c4_d0015_2_0000": 0.000437206388513839,
  "c4_d0016_0_0000": 0.0007657905281785486,
  "c4_d0016_1_0000": 0.0007985700441049126,
  "c4_d0016_2_0000": 0.0007189798149374452,
  "c4_d0017_0_0000": 0.0009366523227978645,
  "c4_d0017_1_0000": -0.002076810250880915,
  "c4_d0017_2_0000": -8.313929081146542e-05,
  "c4_d0017_3_0000": -0.0008500885004681778,
  "c4_d0018_0_0000": 0.0007315016448194903,
  "c4_d0019_0_0000": 0.0005460320291352433,
  "c4_d0020_0_0000": 0.0005157960568885391,
  "c4_d0020_1_0000": 0.004693998051968079,
  "c4_d0021_0_0000": -0.0003038656021426902,
  "c4_d0022_0_0000": 0.0005851803437869645,
  "c4_d0022_1_0000": -1.7852905870970688e-05,
  "c4_d0022_2_0000": -0.0013535552775828332,
  "c4_d0023_0_0000": 0.0006013350911749811,
  "c4_d0024_0_0000": 0.0023766961428491346,
  "c4_d0024_1_0000": 0.0011294247756538087,
  "c4_d0024_2_0000": -0.001285493734096658,
  "c4_d0025_0_0000": -0.00044300661211537707,
  "c4_d0025_1_0000": 0.0015319649213907042,
  "c4_d0025_2_0000": 0.0012248864004739594,
  "c4_d0026_0_0000": 0.000660481575129261,
  "c4_d0027_0_0000": 0.0014877283187043468,
  "c4_d0027_1_0000": 0.001472138972057543,
  "c4_d0027_2_0000": 0.0015225077868011552,
  "c4_d0028_0_0000": 0.0015180885431181855
}