{
  "c0": -0.19097523005240646,
  "c1_0": -0.1444599262593632,
  "c2_d0000_0_00": 0.005311664664002453,
  "c2_d0001_0_00": 0.004211735632894263,
  "c2_d0002_0_00": 0.0022415722575138356,
  "c2_d0003_0_00": 0.0024394431729493926,
  "c2_d0004_0_00": 0.0013268950004636845,
  "c2_d0005_0_00": 0.0019861142383305512,
  "c2_d0006_0_00": 0.0035119303826532076,
  "c2_d0007_0_00": 0.002068591971809349,
  "c3_d0000_0_000": -2.355066144485336e-05,
  "c3_d0001_0_000": -0.0005058482108555064,
  "c3_d0002_0_000": -0.0005529498499697458,
  "c3_d0003_0_000": -0.0010262516419817262,
  "c3_d0004_0_000": 3.058459553173983e-05,
  "c3_d0005_0_000": -0.0008391131805152888,
  "c3_d0006_0_000": 0.0005913994978001533,
  "c3_d0007_0_000": -0.0018336292877355552,
  "c3_d0008_0_000": 1.5192863002295629e-05,
  "c3_d0009_0_000": -0.0001677554423039302,
  "c3_d0010_0_000": -0.001383909625754868,
  "c3_d0010_1_000": -0.0008609185349959792,
  "c3_d0011_0_000": -0.0006973284471171344,
  "c3_d0012_0_000": -0.0007392389731019232,
  "c3_d0012_1_000": -0.0011711813771430205,
  "c3_d0013_0_000": -0.001140016880586989,
  "c3_d0013_1_000": -0.0015178290828350433,
  "c3_d0014_0_000": -0.00019590250510611592,
  "c4_d0000_0_0000": -0.002039075582764268,
  "c4_d0001_0_0000": 0.001976096705618383,
  "c4_d0002_0_0000": -2.1255059242595115e-05,
  "c4_d0003_0_0000": 0.0006795220506063359,
  "c4_d0004_0_0000": -0.00170411104457283,
  "c4_d0005_0_0000": 0.001383226310281261,
  "c4_d0005_1_0000": 0.00011189097563061319,
  "c4_d0006_0_0000": 0.000294490720407521,
  "c4_d0007_0_0000": -0.0010504459271766641,
  "c4_d0008_0_0000": -0.0026600381112290524,
  "c4_d0009_0_0000": -0.0007160439788526639,
  "c4_d0010_0_0000": 0.0009164816383720688,
  "c4_d0011_0_0000": 0.0011356755379961902,
  "c4_d0012_0_0000": -0.0013037874040109948,
  "c4_d0013_0_0000": -0.0017457741376883016,
  "c4_d0013_1_0000": -0.0016698867758866722,
  "c4_d0014_0_0000": -0.0008312328969978858,
  "c4_d0014_1_0000": -0.00029012710276592505,
  "c4_d0014_2_0000": 0.0003332288110387411,
  "c4_d0015_0_0000": 0.00026709459700556825,
  "c4_d0015_1_0000": 0.000601829390610027,
  "c4_d0015_2_0000": 0.0004997703337378201,
  "c4_d0016_0_0000": 0.0007680467129509677,
  "c4_d0016_1_0000": 0.0008034995000721734,
  "c4_d0016_2_0000": 0.0005862652699665674,
  "c4_d0017_0_0000": 0.0010799947382185645,
  "c4_d0017_1_0000": -0.002306902844395722,
  "c4_d0017_2_0000": -5.955553515281731e-05,
  "c4_d0017_3_0000": -0.0009455974107530178,
  "c4_d0018_0_0000": 0.0007119636511793026,
  "c4_d0019_0_0000": 0.0003804873818080702,
  "c4_d0020_0_0000": 0.0005530082570480578,
  "c4_d0020_1_0000": 0.0049970360747598,
  "c4_d0021_0_0000": -0.00040094520272101173,
  "c4_d0022_0_0000": 0.0006700815705390777,
  "c4_d0022_1_0000": -1.6774843055852253e-05,
  "c4_d0022_2_0000": -0.0014962839533229214,
  "c4_d0023_0_0000": 0.000675767575796282,
  "c4_d0024_0_0000": 0.002545796582240768,
  "c4_d0024_1_0000": 0.0011759194387062947,
  "c4_d0024_2_0000": -0.0013038022331643227,
  "c4_d0025_0_0000": -0.0006681746003363476,
  "c4_d0025_1_0000": 0.0015369072409700982,
  "c4_d0025_2_0000": 0.0013666330617358655,
  "c4_d0026_0_0000": 0.0005638083658357205,
  "c4_d0027_0_0000": 0.0014611288023832069,
  "c4_d0027_1_0000": 0.0016112414516140975,
  "c4_d0027_2_0000": 0.0017584207723193132,
  "c4_d0028_0_0000": 0.0016673118932702216
}