{
  "c0": 0.26776279268604025,
  "c1_0": -0.28529296532989973,
  "c2_d0000_0_00": 0.0014588359315132243,
  "c2_d0001_0_00": 0.0023024466032896818,
  "c2_d0002_0_00": 0.002393930059372735,
  "c2_d0003_0_00": 0.0014566255745225199,
  "c2_d0004_0_00": 0.0017257429949345121,
  "c3_d0000_0_000": 0.0006498390853444979,
  "c3_d0001_0_000": 0.0007837046621721166,
  "c3_d0002_0_000": 0.0017022270996139616,
  "c3_d0003_0_000": 0.00100031301863851,
  "c3_d0004_0_000": 0.0008508084299760722,
  "c3_d0004_1_000": 0.00030200100162616994,
  "c4_d0000_0_0000": 0.0003856928244489122,
  "c4_d0001_0_0000": -0.0006724515726951188,
  "c4_d0001_1_0000": -0.00042161261842514516,
  "c4_d0002_0_0000": 0.0012650620574772798,
  "c4_d0003_0_0000": -0.00016370170638554469,
  "c4_d0004_0_0000": -7.48418809038306e-05,
  "c4_d0004_1_0000": 0.0008138700994847346,
  "c4_d0004_2_0000": 0.0005310358672532532,
  "c4_d0005_0_0000": 0.00014495859779646255,
  "c4_d0005_1_0000": 0.0007736984099635384,
  "c4_d0006_0_0000": 0.0003519382254571126,
  "c4_d0006_1_0000": -0.0002300609391813712
}