{"100.0": -0.4, "135.0": -0.4000000151942817, "170.0": -0.4000000308340229, "205.0": -0.40000004648411497, "240.0": -0.40000006212485945, "275.0": -0.400000077758716, "310.0": -0.4000000933839503, "345.0": -0.4000001090229805, "380.0": -0.40000012466660745, "415.0": -0.4000001403022005, "450.0": -0.40000015593962435, "485.0": -0.40000017157524215, "520.0": -0.40001933298169107, "555.0": -0.40004128509347386, "590.0": -0.40006981739373515, "625.0": -0.4001402171820687, "660.0": -0.4001995966682405, "695.0": -0.40023790689988886, "730.0": -0.4003253863976501, "765.0": -0.40054240972499866, "800.0": -0.40078428732600163}