{"100.0": -3.6955749326955367e-19, "135.0": 2.271305635679043e-07, "170.0": 3.4549719042556575e-07, "205.0": 4.6521295410805556e-07, "240.0": 5.866984029808968e-07, "275.0": 7.079146834729302e-07, "310.0": 8.287408204861263e-07, "345.0": 9.487015684906657e-07, "380.0": 1.0685402516243489e-06, "415.0": 1.1887162384612503e-06, "450.0": 1.3080808227256795e-06, "485.0": -1.0665982039140518e-05, "520.0": -2.2639276358928002e-05, "555.0": -2.4147311976598304e-05, "590.0": -2.565569980969925e-05, "625.0": -2.985284509623289e-05, "660.0": -8.849100784600674e-05, "695.0": -0.00019517175687198572, "730.0": -0.00029418335578599946, "765.0": -0.00039550764771847935, "800.0": -0.0004616897410825629}