{
  "c0": -0.02571992577423758,
  "c1_0": -0.011678934670619187,
  "c2_d0000_0_00": 0.0378793593621519,
  "c2_d0001_0_00": 0.010419938124164536,
  "c2_d0002_0_00": 0.009764565563401694,
  "c2_d0003_0_00": -0.018653490125120988,
  "c2_d0004_0_00": 0.004360924119227471,
  "c3_d0000_0_000": -0.004697609388011857,
  "c3_d0001_0_000": 0.0010056230137257536,
  "c3_d0002_0_000": -0.008481159487445575,
  "c3_d0003_0_000": -0.003856423885025912,
  "c3_d0004_0_000": 0.01659001069888644,
  "c3_d0004_1_000": -0.0030286418591026158,
  "c4_d0000_0_0000": -0.002921711441705146,
  "c4_d0001_0_0000": -0.003428654652449741,
  "c4_d0001_1_0000": 0.0005798282275978686,
  "c4_d0002_0_0000": 0.004744678021030709,
  "c4_d0003_0_0000": -0.0021997828747983192,
  "c4_d0004_0_0000": -0.004374820165493688,
  "c4_d0004_1_0000": 0.002175400620073107,
  "c4_d0004_2_0000": 0.0006083000403120085,
  "c4_d0005_0_0000": -0.002223569529601591,
  "c4_d0005_1_0000": 0.0005559498582719147,
  "c4_d0006_0_0000": -0.002150180602104073,
  "c4_d0006_1_0000": 0.0047723382771874216
}