{
  "c0": -0.04178269396609374,
  "c1_0": 0.0019657300746043667,
  "c2_d0000_0_00": 0.03584409536747653,
  "c2_d0001_0_00": 0.008203998247770891,
  "c2_d0002_0_00": 0.01003095501918868,
  "c3_d0000_0_000": 0.0050525834763350715,
  "c3_d0001_0_000": -0.00825016605235682,
  "c3_d0002_0_000": -0.00015327560269754115,
  "c4_d0000_0_0000": 0.0025972314586595424,
  "c4_d0001_0_0000": -0.005178986267250544,
  "c4_d0001_1_0000": -0.002339672150928362,
  "c4_d0002_0_0000": -0.007776326981850254
}