{
  "c0": -0.027505823360755577,
  "c1_0": -0.012308055676280988,
  "c2_d0000_0_00": 0.035823092036875094,
  "c2_d0001_0_00": 0.008204463582760684,
  "c2_d0002_0_00": 0.010032968457177806,
  "c3_d0000_0_000": 0.00505142515526267,
  "c3_d0001_0_000": -0.008244625274266325,
  "c3_d0002_0_000": -0.0001601538901018269,
  "c4_d0000_0_0000": 0.0025960080662306598,
  "c4_d0001_0_0000": -0.005180090066315004,
  "c4_d0001_1_0000": -0.0023419123309661558,
  "c4_d0002_0_0000": -0.007750545986597611
}