{
  "c0": -0.020335066369947013,
  "c1_0": -0.000686199819852748,
  "c2_d0000_0_00": 0.005110833970228168,
  "c2_d0001_0_00": 0.012818429114477852,
  "c2_d0002_0_00": 0.005313943298323669,
  "c2_d0003_0_00": -0.002091954171641087,
  "c2_d0004_0_00": 0.0013416642004424443,
  "c2_d0005_0_00": 0.00010294022794849896,
  "c3_d0000_0_000": 0.0008612291211659223,
  "c3_d0001_0_000": -0.0017823345282194868,
  "c3_d0002_0_000": 0.0032357217138550623,
  "c3_d0003_0_000": -0.001220553052806725,
  "c4_d0000_0_0000": -0.0023068149854577414,
  "c4_d0001_0_0000": -0.008972657824748695,
  "c4_d0002_0_0000": 0.00938923280792615,
  "c4_d0003_0_0000": -0.0018854378266880858,
  "c4_d0004_0_0000": 0.0017520630472633635,
  "c4_d0005_0_0000": -0.001392167448337521,
  "c4_d0005_1_0000": -0.0009232280412855762,
  "c4_d0006_0_0000": 0.0026036887365743127
}