{
  "c0": -0.020422769355619284,
  "c1_0": -0.0018465352373776168,
  "c2_d0000_0_00": 0.004855687084427831,
  "c2_d0001_0_00": 0.005535776181134565,
  "c2_d0002_0_00": 0.0002204586991600455,
  "c2_d0003_0_00": 0.0006572540954222382,
  "c2_d0004_0_00": 0.0026641059647963487,
  "c2_d0005_0_00": 0.00464609660694335,
  "c2_d0006_0_00": 0.0020240848415221317,
  "c2_d0007_0_00": -0.0009665451662719781,
  "c3_d0000_0_000": 0.0029763303169486484,
  "c3_d0001_0_000": 0.00022693570037387724,
  "c3_d0002_0_000": 0.001568576435392086,
  "c3_d0003_0_000": -0.0011139107035077105,
  "c3_d0004_0_000": -0.001274180946042321,
  "c3_d0005_0_000": 0.001641061341716041,
  "c3_d0006_0_000": 0.001805594866113643,
  "c3_d0007_0_000": 0.0028859956902940556,
  "c3_d0008_0_000": -6.846420620924235e-05,
  "c3_d0009_0_000": 0.002520121719353998,
  "c3_d0010_0_000": 0.0016949797052158038,
  "c3_d0010_1_000": 0.0013344574625073337,
  "c3_d0011_0_000": -0.002903273087981511,
  "c3_d0012_0_000": 0.0007566859319131536,
  "c3_d0012_1_000": -0.00592898259999612,
  "c3_d0013_0_000": 0.0019264698140296823,
  "c3_d0013_1_000": -0.0026045556258336147,
  "c3_d0014_0_000": -9.462780684128711e-05,
  "c4_d0000_0_0000": 0.001888304796953069,
  "c4_d0001_0_0000": -0.0006779633161666041,
  "c4_d0002_0_0000": 0.005333064870294596,
  "c4_d0003_0_0000": 0.0030396090513486736,
  "c4_d0004_0_0000": -0.0016417210870812789,
  "c4_d0005_0_0000": -0.003701643790016459,
  "c4_d0005_1_0000": -0.0021034879664891862,
  "c4_d0006_0_0000": -0.0011495595247415218,
  "c4_d0007_0_0000": -0.002103779519928492,
  "c4_d0008_0_0000": -0.0012653884152834306,
  "c4_d0009_0_0000": -0.004070296590234244,
  "c4_d0010_0_0000": 0.0033438763163041113,
  "c4_d0011_0_0000": -7.64794243127005e-05,
  "c4_d0012_0_0000": -0.0009179918575096611,
  "c4_d0013_0_0000": -0.0008119286713050181,
  "c4_d0013_1_0000": 0.0021050468147304,
  "c4_d0014_0_0000": 0.0038801974913908114,
  "c4_d0014_1_0000": -0.0011298236334597856,
  "c4_d0014_2_0000": -0.0002818920344946849,
  "c4_d0015_0_0000": 0.004414165379467706,
  "c4_d0015_1_0000": 0.001202020042359325,
  "c4_d0015_2_0000": 0.00032954720465996304,
  "c4_d0016_0_0000": -0.0002957679497863136,
  "c4_d0016_1_0000": -0.0019097018940788465,
  "c4_d0016_2_0000": 0.00030818119597868996,
  "c4_d0017_0_0000": 0.0005150163353746838,
  "c4_d0017_1_0000": 0.0010339470040629524,
  "c4_d0017_2_0000": -0.0017247135044659767,
  "c4_d0017_3_0000": -0.0020483146153302814,
  "c4_d0018_0_0000": -0.0004547332488840217,
  "c4_d0019_0_0000": 0.0016581127822147346,
  "c4_d0020_0_0000": -0.0011008842249923146,
  "c4_d0020_1_0000": -0.0018522830922666775,
  "c4_d0021_0_0000": 0.00148061247356735,
  "c4_d0022_0_0000": 0.0021938005539530424,
  "c4_d0022_1_0000": -0.001782880475010873,
  "c4_d0022_2_0000": 0.0010938210139916494,
  "c4_d0023_0_0000": -0.001792014063187239,
  "c4_d0024_0_0000": -0.0005812559486142026,
  "c4_d0024_1_0000": 0.002243631657104318,
  "c4_d0024_2_0000": 0.002026260429719473,
  "c4_d0025_0_0000": -0.0005581313227629858,
  "c4_d0025_1_0000": -0.0011597411712510233,
  "c4_d0025_2_0000": 0.0016091070943981373,
  "c4_d0026_0_0000": 0.0018241485219801566,
  "c4_d0027_0_0000": 0.00035648135331622157,
  "c4_d0027_1_0000": -0.0006321907131036009,
  "c4_d0027_2_0000": -0.003528432464575594,
  "c4_d0028_0_0000": 0.0018264772543394223
}