{
  "c0": -0.02585777717342147,
  "c1_0": -0.014076426962335277,
  "c2_d0000_0_00": 0.043457457284947425,
  "c2_d0001_0_00": 0.007757608554383966,
  "c2_d0002_0_00": 0.005415119635301778,
  "c2_d0003_0_00": -0.013442113450325146,
  "c2_d0004_0_00": 0.004092241172614073,
  "c3_d0000_0_000": -0.0008218262685174631,
  "c3_d0001_0_000": -0.0036228461930119913,
  "c3_d0002_0_000": -0.002505472665699825,
  "c3_d0003_0_000": -0.0013842375820388346,
  "c3_d0004_0_000": 0.00909735043162154,
  "c3_d0004_1_000": -0.0016511207453669722,
  "c4_d0000_0_0000": 0.0008703278872136791,
  "c4_d0001_0_0000": -0.005028059026859726,
  "c4_d0001_1_0000": -0.0008217325309698484,
  "c4_d0002_0_0000": -0.0024533718335525787,
  "c4_d0003_0_0000": -0.0016006342547884706,
  "c4_d0004_0_0000": -0.002301510098634241,
  "c4_d0004_1_0000": 0.0009323682506323778,
  "c4_d0004_2_0000": 0.00032961847954461756,
  "c4_d0005_0_0000": 0.000906783713956013,
  "c4_d0005_1_0000": -0.0007230022334739974,
  "c4_d0006_0_0000": 0.0019444566370227677,
  "c4_d0006_1_0000": 0.001524837444925683
}