{
  "c0": -0.021306953715025376,
  "c1_0": 0.005612184044109902,
  "c2_d0000_0_00": 0.00865305169757859,
  "c2_d0001_0_00": 0.002227997632696785,
  "c2_d0002_0_00": 0.0015771224665115104,
  "c2_d0003_0_00": -0.0010860312147906541,
  "c2_d0004_0_00": 0.004870847289762377,
  "c2_d0005_0_00": 0.00499733996561603,
  "c3_d0000_0_000": 0.0034576579546486447,
  "c3_d0001_0_000": -0.00055954676014282,
  "c3_d0002_0_000": -0.008469764081511661,
  "c3_d0003_0_000": -0.000676403837279243,
  "c4_d0000_0_0000": -0.0010854835107665308,
  "c4_d0001_0_0000": 0.0003164542295213005,
  "c4_d0002_0_0000": 0.004342959501497497,
  "c4_d0003_0_0000": 0.0046327230551585765,
  "c4_d0004_0_0000": -0.0012573022841726406,
  "c4_d0005_0_0000": -0.0076135891102374655,
  "c4_d0005_1_0000": 0.000703236585034911,
  "c4_d0006_0_0000": 0.0007011277242088063
}