{
  "c0": -1.619951650412744,
  "c1_0": 0.051705018094844596,
  "c2_d0000_0_00": 0.013544708127650969,
  "c2_d0001_0_00": 0.005677526370787182,
  "c2_d0002_0_00": -0.0024530397946684666,
  "c2_d0003_0_00": -0.004729686351385642,
  "c2_d0004_0_00": 0.00770778965962231,
  "c2_d0005_0_00": 0.0037098203126425203,
  "c3_d0000_0_000": 0.005152143747387854,
  "c3_d0001_0_000": -0.0023109046730397484,
  "c3_d0002_0_000": 0.002226949264415123,
  "c3_d0003_0_000": -0.008305882960464544,
  "c4_d0000_0_0000": -0.005238752511338137,
  "c4_d0001_0_0000": 0.002383640075698843,
  "c4_d0002_0_0000": 0.013045545871604775,
  "c4_d0003_0_0000": 0.0021926505634878666,
  "c4_d0004_0_0000": -0.0025534647847172717,
  "c4_d0005_0_0000": -0.017686559153271508,
  "c4_d0005_1_0000": 0.0010219977909511147,
  "c4_d0006_0_0000": 0.005248699637471541
}