{
  "c0": -0.04073913270133043,
  "c1_0": -0.0003790066342047495,
  "c2_d0000_0_00": 0.03952714238736284,
  "c2_d0001_0_00": 0.00936171449408134,
  "c2_d0002_0_00": 0.0038456489405969047,
  "c3_d0000_0_000": -0.0053175548475089965,
  "c3_d0001_0_000": 0.007989033140345082,
  "c3_d0002_0_000": -0.0017051865161908071,
  "c4_d0000_0_0000": -9.947325629524731e-05,
  "c4_d0001_0_0000": -0.002060142695348857,
  "c4_d0001_1_0000": 0.001810152265114374,
  "c4_d0002_0_0000": -0.012799058643178056
}