{
  "c0": -1.6246188950235694,
  "c1_0": 0.06560911144297321,
  "c2_d0000_0_00": 0.03214770587040071,
  "c2_d0001_0_00": 0.010842113083905796,
  "c2_d0002_0_00": 0.005558556045238988,
  "c3_d0000_0_000": -0.006969005706439006,
  "c3_d0001_0_000": 0.00033277124076931864,
  "c3_d0002_0_000": 0.004680404832340934,
  "c4_d0000_0_0000": 0.00012177782013795153,
  "c4_d0001_0_0000": -0.004409040206727757,
  "c4_d0001_1_0000": 0.0004928269534813206,
  "c4_d0002_0_0000": -0.004926869341178401
}