{"100.0": -0.3000000000032254, "135.0": -0.3000001410909679, "170.0": -0.3000002822618278, "205.0": -0.30000042346087136, "240.0": -0.30000056473488307, "275.0": -0.30000997044777844, "310.0": -0.3000384225283156, "345.0": -0.30008267346432305, "380.0": -0.30019728741411955, "415.0": -0.3003385897139656, "450.0": -0.3004374321231322, "485.0": -0.3005441600311008, "520.0": -0.3007794764855087, "555.0": -0.30106680478648284, "590.0": -0.3013371523615549, "625.0": -0.30168831782673344, "660.0": -0.302050009931079, "695.0": -0.3023432986208408, "730.0": -0.30275990141763354, "765.0": -0.30327563165640975, "800.0": -0.3038281884505733}