{
  "c0": -1.3625355334308324,
  "c1_0": -0.26773174441139125,
  "c2_d0000_0_00": 0.0019917366949850934,
  "c2_d0001_0_00": -0.003948316233195325,
  "c2_d0002_0_00": -0.004033810767767338,
  "c2_d0003_0_00": -0.03060088403343334,
  "c2_d0004_0_00": -0.003296134727421931,
  "c3_d0000_0_000": 0.0050994373152145256,
  "c3_d0001_0_000": -0.0018705273618204034,
  "c3_d0002_0_000": 0.0009889180893677913,
  "c3_d0003_0_000": -0.006941014291317434,
  "c3_d0004_0_000": 0.0018178025864944067,
  "c3_d0004_1_000": -0.0023204064022550996,
  "c4_d0000_0_0000": -0.002135908871528292,
  "c4_d0001_0_0000": -0.0016761696549464624,
  "c4_d0001_1_0000": 0.000308027695857286,
  "c4_d0002_0_0000": 0.00035567226146474153,
  "c4_d0003_0_0000": -0.0017843279916738973,
  "c4_d0004_0_0000": 0.002909669584070855,
  "c4_d0004_1_0000": 0.00370515721835839,
  "c4_d0004_2_0000": 0.0040264423236340925,
  "c4_d0005_0_0000": -0.002046591768238725,
  "c4_d0005_1_0000": -0.0014098173543040829
}