{
  "c0": -1.362556295836314,
  "c1_0": -0.2668546913917112,
  "c2_d0000_0_00": -0.0009521814876076012,
  "c2_d0001_0_00": -0.006729032952400595,
  "c2_d0002_0_00": -0.009092625233194552,
  "c2_d0003_0_00": -0.01521909089919678,
  "c2_d0004_0_00": -0.0006017675987715824,
  "c3_d0000_0_000": -0.001044716850801717,
  "c3_d0001_0_000": -0.00124913950688933,
  "c3_d0002_0_000": 0.00019799370208799594,
  "c3_d0003_0_000": -0.001559570484564087,
  "c3_d0004_0_000": -0.0012933984503122587,
  "c3_d0004_1_000": 0.0014704224771956687,
  "c4_d0000_0_0000": 0.0003629706297606915,
  "c4_d0001_0_0000": 0.0013303901130514513,
  "c4_d0001_1_0000": 0.0023916847132069976,
  "c4_d0002_0_0000": 0.001363456806541119,
  "c4_d0003_0_0000": -0.004314930133886261,
  "c4_d0004_0_0000": -0.0010001115189859266,
  "c4_d0004_1_0000": -0.003075935517851164,
  "c4_d0004_2_0000": 0.0016073182105923731,
  "c4_d0005_0_0000": -0.0038883225010728803,
  "c4_d0005_1_0000": -0.00350568779495519
}