{"100.0": -0.8, "135.0": -0.8000000157520677, "170.0": -0.8000000315028675, "205.0": -0.8000000472769765, "240.0": -0.8000000630537084, "275.0": -0.8000000788220629, "310.0": -0.8000000945934628, "345.0": -0.8000001103647505, "380.0": -0.8000001261341445, "415.0": -0.8000001419132787, "450.0": -0.8000001576862746, "485.0": -0.8000001734522598, "520.0": -0.8000001892171762, "555.0": -0.8000002049833216, "590.0": -0.8000002207561765, "625.0": -0.8000002365265289, "660.0": -0.8000002522944633, "695.0": -0.8000002680656717, "730.0": -0.8000002838432098, "765.0": -0.800000299618151, "800.0": -0.800000315387555}