{"100.0": -0.4, "135.0": -0.4000000147042091, "170.0": -0.4000000301893292, "205.0": -0.4000000456771174, "240.0": -0.4000000611651054, "275.0": -0.40000007665794507, "310.0": -0.4000000921573123, "345.0": -0.4000001076635156, "380.0": -0.4000001231702681, "415.0": -0.4000001386707337, "450.0": -0.4000001541625661, "485.0": -0.4000025030447051, "520.0": -0.40005650544642396, "555.0": -0.4001296889756917, "590.0": -0.4001925503651979, "625.0": -0.4003037550609223, "660.0": -0.4003985757622671, "695.0": -0.40046861852035537, "730.0": -0.4006401110974999, "765.0": -0.40082894069963193, "800.0": -0.4009767358378098}