{"100.0": -3.6955749326955367e-19, "135.0": 2.2375963349924387e-07, "170.0": 3.399958670346649e-07, "205.0": 4.5813987081604314e-07, "240.0": 5.762772993919766e-07, "275.0": 6.933370214798537e-07, "310.0": 8.112713035071348e-07, "345.0": 9.291598544871698e-07, "380.0": 1.0450808999436345e-06, "415.0": 1.1601001007618327e-06, "450.0": 1.2755939270075092e-06, "485.0": 1.3912689593543896e-06, "520.0": -2.5350597130753145e-05, "555.0": -5.432142440621565e-05, "590.0": -0.00010340741695401111, "625.0": -0.00015490842958656233, "660.0": -0.00016770699565864556, "695.0": -0.00024559191498238665, "730.0": -0.00040339811250646185, "765.0": -0.0005752339253088812, "800.0": -0.0007756115706236961}