{"100.0": -0.4, "135.0": -0.4000000157894055, "170.0": -0.4000000315571319, "205.0": -0.40000004731424005, "240.0": -0.40000006308563546, "275.0": -0.40000007885906425, "310.0": -0.40000009463340463, "345.0": -0.4000272455118432, "380.0": -0.40005439638762935, "415.0": -0.4000594107361671, "450.0": -0.4000644250837553, "485.0": -0.400069439429802, "520.0": -0.40008008793269156, "555.0": -0.4001315595213546, "590.0": -0.4001781075672828, "625.0": -0.4002087366036007, "660.0": -0.40023936563915935, "695.0": -0.40025551514922136, "730.0": -0.4003554907896763, "765.0": -0.40057561814100867, "800.0": -0.40086666568416457}