{"100.0": -3.6955749326955367e-19, "135.0": 2.2559970532281344e-07, "170.0": 3.4437727273857395e-07, "205.0": 4.6273813778296045e-07, "240.0": 5.792841679668963e-07, "275.0": 6.944105728282821e-07, "310.0": 8.110613840637288e-07, "345.0": 9.29671075355427e-07, "380.0": 1.048633140997033e-06, "415.0": 1.1659715776632438e-06, "450.0": 1.2829492954243883e-06, "485.0": 1.400156740563109e-06, "520.0": 1.5165314154960182e-06, "555.0": -3.812926743584224e-05, "590.0": -7.777401130834503e-05, "625.0": -8.23738239959479e-05, "660.0": -9.809733371612738e-05, "695.0": -0.00011636383086359544, "730.0": -0.00016556317221737556, "765.0": -0.0002541395914766197, "800.0": -0.0003421686807648948}